mode,success,collided,collision_steps,mud_steps,path_len,time_s,replans,replan_ms,detect_ms,ate_m,seed
baseline,True,False,0,370,94.8,81.5,45,188.1,450.0,0.2,0
baseline,True,False,0,382,93.2,82.4,43,48.3,550.0,0.34,1
baseline,True,False,0,386,93.2,82.1,45,6.6,750.0,0.31,2
baseline,True,False,0,378,93.4,82.9,46,7.2,350.0,0.23,3
baseline,True,False,0,379,93.4,81.4,42,7.8,1000.0,0.13,4
baseline,True,False,0,398,93.7,84.5,43,7.9,1450.0,0.23,5
baseline,True,False,0,395,94.8,84.7,48,8.5,1000.0,0.2,6
baseline,True,False,0,425,94.6,86.5,39,8.0,850.0,0.24,7
baseline,True,False,0,480,96.0,91.0,36,9.0,1950.0,0.23,8
baseline,True,False,0,426,93.7,87.8,43,9.1,2800.0,0.19,9
baseline,True,False,0,397,94.0,85.4,42,7.3,650.0,0.56,10
baseline,True,False,0,398,93.9,84.1,45,8.0,900.0,0.67,11
baseline,True,False,0,393,93.3,83.6,42,7.7,350.0,0.12,12
baseline,True,False,0,375,94.1,85.7,46,11.0,600.0,0.72,13
baseline,True,False,0,377,95.2,83.6,41,7.9,750.0,0.25,14
risk_only,True,False,0,0,99.3,66.5,7,7.7,100.0,0.13,0
risk_only,True,False,0,122,111.9,95.0,4,9.8,100.0,0.42,1
risk_only,True,False,0,59,113.1,85.9,5,9.2,100.0,0.39,2
risk_only,True,False,0,1,98.5,67.1,8,8.0,100.0,0.26,3
risk_only,True,False,0,0,98.3,64.4,4,8.4,100.0,0.13,4
risk_only,True,False,0,9,96.8,63.3,5,7.5,100.0,0.23,5
risk_only,True,False,0,0,97.2,64.7,8,7.3,100.0,0.1,6
risk_only,True,False,0,13,97.7,64.2,4,10.8,100.0,0.22,7
risk_only,True,False,0,0,97.8,65.1,3,8.4,100.0,0.24,8
risk_only,True,False,0,0,97.3,65.6,4,6.0,100.0,0.2,9
risk_only,True,False,0,8,98.8,68.4,4,8.1,100.0,0.27,10
risk_only,True,False,0,20,122.2,94.8,3,10.2,100.0,0.56,11
risk_only,True,False,0,0,98.8,65.1,5,6.2,100.0,0.17,12
risk_only,True,False,0,1,99.2,69.8,8,4.3,100.0,0.57,13
risk_only,True,False,0,0,99.9,64.7,7,5.9,100.0,0.35,14
full,True,False,0,0,104.1,90.2,21,5.6,100.0,0.11,0
full,True,False,0,22,123.4,123.4,19,6.6,1350.0,0.33,1
full,True,False,0,15,104.9,88.1,28,4.5,100.0,0.35,2
full,True,False,0,4,102.1,90.7,22,5.9,100.0,0.24,3
full,True,False,0,0,99.8,83.6,32,4.8,100.0,0.12,4
full,True,False,0,8,100.1,86.2,35,6.0,100.0,0.1,5
full,True,False,0,5,99.7,84.9,27,4.9,100.0,0.31,6
full,True,False,0,13,111.6,98.4,20,5.9,100.0,0.34,7
full,True,False,0,0,102.9,88.1,11,4.8,500.0,0.45,8
full,True,False,0,0,103.6,86.7,20,4.6,150.0,0.36,9
full,True,False,0,5,99.5,87.4,21,4.7,100.0,0.34,10
full,True,False,0,9,132.3,122.4,15,7.0,100.0,0.52,11
full,True,False,0,7,102.7,92.1,25,6.0,100.0,0.39,12
full,True,False,0,8,104.4,89.0,24,4.7,100.0,0.4,13
full,True,False,0,0,101.2,89.2,28,3.8,100.0,0.23,14
